Trial-ID,Status,Iteration,batch_size,num_layers,num_units,Objective,loss
2,INTERMEDIATE,0,8192,12,163,412.1436699039829,510.0723455300741
4,INTERMEDIATE,0,8192,16,225,433.7572427483597,579.2985932541188
3,INTERMEDIATE,0,4096,11,198,387.39840875449755,451.7533598307575
2,INTERMEDIATE,1,8192,12,163,383.547733315903,400.7972958322099
4,INTERMEDIATE,1,8192,16,225,381.63634205991775,406.0303959975571
2,INTERMEDIATE,2,8192,12,163,376.34577554112064,381.309044232409
1,INTERMEDIATE,0,2048,18,103,392.8634000159888,457.49927021714024
3,INTERMEDIATE,1,4096,11,198,369.5540026040224,378.1773450988628
4,INTERMEDIATE,2,8192,16,225,370.65490075149717,380.1893342232759
2,INTERMEDIATE,3,8192,12,163,372.7758831808753,370.84196044379024
2,INTERMEDIATE,4,8192,12,163,361.99392040063304,364.3170792534659
3,INTERMEDIATE,2,4096,11,198,359.19167503735696,365.3427095258319
4,INTERMEDIATE,3,8192,16,225,359.69710335156594,368.447207327693
2,INTERMEDIATE,5,8192,12,163,356.37153243116734,360.19490188161996
4,INTERMEDIATE,4,8192,16,225,358.67940573545775,362.0394516168227
1,INTERMEDIATE,1,2048,18,103,373.8889614188643,387.57203351999567
3,INTERMEDIATE,3,4096,11,198,356.55092382318304,359.12686184959085
2,INTERMEDIATE,6,8192,12,163,354.6484646267361,356.9165390734514
4,INTERMEDIATE,5,8192,16,225,351.94683837890625,357.70382635554694
2,INTERMEDIATE,7,8192,12,163,352.3710377830704,354.3972080227763
3,INTERMEDIATE,4,4096,11,198,352.8289333956743,355.0311425807212
4,INTERMEDIATE,6,8192,16,225,350.16824999148685,354.335068876026
2,INTERMEDIATE,8,8192,12,163,348.9040132527092,352.4436228634863
1,INTERMEDIATE,2,2048,18,103,369.06648044383275,375.7887611993965
3,INTERMEDIATE,5,4096,11,198,347.8227363207661,352.3676948045818
2,INTERMEDIATE,9,8192,12,163,348.16868759047054,350.8664286968234
2,COMPLETED,9,8192,12,163,348.16868759047054,350.8664286968234
4,INTERMEDIATE,7,8192,16,225,350.5163473395309,352.0403960508979
4,INTERMEDIATE,8,8192,16,225,346.9054113076934,350.09512183358294
3,INTERMEDIATE,6,4096,11,198,348.78801178988556,350.33940140148144
5,INTERMEDIATE,0,4096,19,217,409.5455212649442,518.0520624896859
4,INTERMEDIATE,9,8192,16,225,346.42297747456433,348.4694034490858
4,COMPLETED,9,8192,16,225,346.42297747456433,348.4694034490858
1,INTERMEDIATE,3,2048,18,103,367.801402732272,369.5001969643554
3,INTERMEDIATE,7,4096,11,198,347.7330319244529,348.6920098424972
5,INTERMEDIATE,1,4096,19,217,377.51869042939893,392.12681633874786
3,INTERMEDIATE,8,4096,11,198,345.2778677929096,347.35436632609236
6,INTERMEDIATE,0,2048,11,198,377.2511333607613,425.6344109687894
1,INTERMEDIATE,4,2048,18,103,361.06348580502447,365.71463563067914
3,INTERMEDIATE,9,4096,11,198,343.5230729213561,345.9121666072601
3,COMPLETED,9,4096,11,198,343.5230729213561,345.9121666072601
5,INTERMEDIATE,2,4096,19,217,366.2891227776277,372.11841995109444
7,INTERMEDIATE,0,8192,14,241,401.57759085220084,507.05862579581725
6,INTERMEDIATE,1,2048,11,198,361.92208086486124,370.9811554382867
7,INTERMEDIATE,1,8192,14,241,377.83242626505825,392.6483856165769
5,INTERMEDIATE,3,4096,19,217,356.17340624473337,364.2736900813434
1,INTERMEDIATE,5,2048,18,103,359.2721205715874,362.9105660275535
7,INTERMEDIATE,2,8192,14,241,369.64680477349754,374.0203152956745
6,INTERMEDIATE,2,2048,11,198,356.6753501886453,361.7774917989024
7,INTERMEDIATE,3,8192,14,241,355.61914143663773,364.53298084586515
5,INTERMEDIATE,4,4096,19,217,359.83424661514607,359.2337513161738
7,INTERMEDIATE,4,8192,14,241,351.61832058232443,359.0537764157607
1,INTERMEDIATE,6,2048,18,103,354.1650628085396,360.6454174369228
6,INTERMEDIATE,3,2048,11,198,350.81980455006266,357.0668077136967
7,INTERMEDIATE,5,8192,14,241,350.3974965954503,355.18622112347924
5,INTERMEDIATE,5,4096,19,217,352.4026680037767,356.08773701631645
7,INTERMEDIATE,6,8192,14,241,344.92549896240234,352.3468484723651
1,INTERMEDIATE,7,2048,18,103,358.75634169014916,358.7099096013517
7,INTERMEDIATE,7,8192,14,241,351.62155679833523,350.36887790948407
6,INTERMEDIATE,4,2048,11,198,350.47043640252826,353.9723430450628
5,INTERMEDIATE,6,4096,19,217,356.5706064526353,353.7908814320339
7,INTERMEDIATE,8,8192,14,241,343.80262676987525,348.68349794297836
7,INTERMEDIATE,9,8192,14,241,341.43530722543704,347.1173363882538
7,COMPLETED,9,8192,14,241,341.43530722543704,347.1173363882538
5,INTERMEDIATE,7,4096,19,217,350.96442957578256,351.8918840123624
6,INTERMEDIATE,5,2048,11,198,347.72064629965075,351.6742511138562
1,INTERMEDIATE,8,2048,18,103,352.9867071832044,356.9688624686634
8,INTERMEDIATE,0,8192,14,242,403.4026130333578,504.93036174847924
8,INTERMEDIATE,1,8192,14,242,374.7111764461436,392.710790576625
5,INTERMEDIATE,8,4096,19,217,347.30990777793505,350.26892296952605
6,INTERMEDIATE,6,2048,11,198,348.56555258213206,349.842059283688
8,INTERMEDIATE,2,8192,14,242,362.02285876623563,373.93501365525907
1,INTERMEDIATE,9,2048,18,103,354.0719126547482,355.48544535891364
1,COMPLETED,9,2048,18,103,352.9867071832044,356.9688624686634
5,INTERMEDIATE,9,4096,19,217,346.9827530727882,348.8492534900025
8,INTERMEDIATE,3,8192,14,242,366.9416309473926,364.2385438593063
5,COMPLETED,9,4096,19,217,346.9827530727882,348.8492534900025
9,INTERMEDIATE,0,8192,12,198,405.0134130347141,505.8482425037688
9,INTERMEDIATE,1,8192,12,198,384.0041885015249,396.6178770426716
8,INTERMEDIATE,4,8192,14,242,354.5097921745715,358.9557946980322
6,INTERMEDIATE,7,2048,11,198,347.8519341683557,348.33452374900116
10,INTERMEDIATE,0,8192,14,241,401.0864989368628,496.70958824777273
9,INTERMEDIATE,2,8192,12,198,365.1521586785643,377.240333250301
8,INTERMEDIATE,5,8192,14,242,350.12044756012324,354.95583921168446
10,INTERMEDIATE,1,8192,14,241,383.9515666916579,392.58006394600926
9,INTERMEDIATE,3,8192,12,198,366.02157417820416,367.45063427706054
8,INTERMEDIATE,6,8192,14,242,349.8821349267982,352.2794220430945
10,INTERMEDIATE,2,8192,14,241,368.54193540893266,374.6049030123989
6,INTERMEDIATE,8,2048,11,198,348.3517465140521,346.823691719185
9,INTERMEDIATE,4,8192,12,198,355.8107643578351,361.7779236842935
8,INTERMEDIATE,7,8192,14,242,351.7544533298934,350.1716269237167
10,INTERMEDIATE,3,8192,14,241,367.780295063136,364.66268142027536
9,INTERMEDIATE,5,8192,12,198,353.70296988701426,357.77729565472174
8,INTERMEDIATE,8,8192,14,242,344.89138727210656,348.4314473647068
9,INTERMEDIATE,6,8192,12,198,348.8064525414866,354.38264939735217
10,INTERMEDIATE,4,8192,14,241,359.99919279923677,359.22360637809356
6,INTERMEDIATE,9,2048,11,198,350.274861263327,345.5564585004955
6,COMPLETED,9,2048,11,198,347.72064629965075,351.6742511138562
8,INTERMEDIATE,9,8192,14,242,345.66114321949914,346.9920223262636
8,COMPLETED,9,8192,14,242,344.89138727210656,348.4314473647068
9,INTERMEDIATE,7,8192,12,198,346.82112217174915,352.1432604159114
10,INTERMEDIATE,5,8192,14,241,350.40347228715325,355.24071438959743
11,INTERMEDIATE,0,8192,15,240,438.3197064050264,575.8806649582016
9,INTERMEDIATE,8,8192,12,198,351.94405296451936,350.11535290499023
10,INTERMEDIATE,6,8192,14,241,347.28370392350723,352.35409024881005
12,INTERMEDIATE,0,4096,10,199,387.39267461970627,453.86163602092887
11,INTERMEDIATE,1,8192,15,240,392.5294845797491,414.35120644978747
9,INTERMEDIATE,9,8192,12,198,344.23275334784324,348.67064666748047
9,COMPLETED,9,8192,12,198,344.23275334784324,348.67064666748047
10,INTERMEDIATE,7,8192,14,241,352.54633049931084,350.31920252045455
12,INTERMEDIATE,1,4096,10,199,369.77658770946744,379.08824566917093
11,INTERMEDIATE,2,8192,15,240,373.28564036484306,383.55789267767886
10,INTERMEDIATE,8,8192,14,241,344.75935150940086,348.4782450676702
13,INTERMEDIATE,0,4096,12,198,386.01381782549777,455.4628916487432
11,INTERMEDIATE,3,8192,15,240,360.76736120129306,369.1529954820295
12,INTERMEDIATE,2,4096,10,199,357.46194506255165,365.55551286713614
10,INTERMEDIATE,9,8192,14,241,342.8419700424158,346.9252809434553
10,COMPLETED,9,8192,14,241,342.8419700424158,346.9252809434553
13,INTERMEDIATE,1,4096,12,198,364.9384767654094,378.85711689688674
11,INTERMEDIATE,4,8192,15,240,361.40564897325305,361.55240558526907
12,INTERMEDIATE,3,4096,10,199,353.6383419487775,359.58941463638627
14,INTERMEDIATE,0,8192,14,241,401.3069938136613,515.9438381799873
11,INTERMEDIATE,5,8192,15,240,352.13939071547054,356.99267811786274
14,INTERMEDIATE,1,8192,14,241,378.8953246709585,393.44168508578343
13,INTERMEDIATE,2,4096,12,198,358.6976163381662,365.9100541382544
12,INTERMEDIATE,4,4096,10,199,350.9633678273952,355.2682971467551
11,INTERMEDIATE,6,8192,15,240,350.83293245644717,353.54763038086503
14,INTERMEDIATE,2,8192,14,241,370.27191367724265,373.601105273277
13,INTERMEDIATE,3,4096,12,198,356.75555129986844,359.68488272529004
12,INTERMEDIATE,5,4096,10,199,348.9406294089964,352.384043452358
11,INTERMEDIATE,7,8192,15,240,347.6493380030278,351.1713747878639
14,INTERMEDIATE,3,8192,14,241,360.6339777412144,364.58651216511385
11,INTERMEDIATE,8,8192,15,240,350.6735942290466,349.4323004997708
12,INTERMEDIATE,6,4096,10,199,346.3692375886525,350.25408274686714
13,INTERMEDIATE,4,4096,12,198,352.2426208018129,355.7016395869775
14,INTERMEDIATE,4,8192,14,241,361.0613036099337,359.10643811974523
11,INTERMEDIATE,9,8192,15,240,345.500563096211,347.89432250669734
11,COMPLETED,9,8192,15,240,345.500563096211,347.89432250669734
14,INTERMEDIATE,5,8192,14,241,352.06147641662164,354.82641810441515
12,INTERMEDIATE,7,4096,10,199,344.79026253792694,348.51896586348084
13,INTERMEDIATE,5,4096,12,198,349.19556050943146,352.9436748944229
15,INTERMEDIATE,0,8192,14,241,411.1461782793627,511.2123075811234
14,INTERMEDIATE,6,8192,14,241,351.6071423108978,352.3058749890014
12,INTERMEDIATE,8,4096,10,199,348.2909664803363,347.0452310837984
15,INTERMEDIATE,1,8192,14,241,375.18903621375983,391.9389682660615
14,INTERMEDIATE,7,8192,14,241,348.44062958485125,350.0404802456625
13,INTERMEDIATE,6,4096,12,198,350.0212230186372,350.8291272003339
15,INTERMEDIATE,2,8192,14,241,363.4415762971197,373.08410220872685
12,INTERMEDIATE,9,4096,10,199,350.1086261514794,345.71507578272275
14,INTERMEDIATE,8,8192,14,241,344.9526412819576,348.2761737324891
12,COMPLETED,9,4096,10,199,344.79026253792694,348.51896586348084
13,INTERMEDIATE,7,4096,12,198,345.5439167293251,349.16903200614206
15,INTERMEDIATE,3,8192,14,241,355.0148487496883,363.96458771979263
14,INTERMEDIATE,9,8192,14,241,346.38920513901587,346.79833774315875
14,COMPLETED,9,8192,14,241,344.9526412819576,348.2761737324891
16,INTERMEDIATE,0,8192,14,241,408.4506330377385,503.35045668033325
15,INTERMEDIATE,4,8192,14,241,354.43779981897234,358.6716652241033
13,INTERMEDIATE,8,4096,12,198,342.9881137054299,347.77193604931756
16,INTERMEDIATE,1,8192,14,241,374.4596075504384,392.6663592486813
17,INTERMEDIATE,0,4096,6,256,383.3527860213115,450.89577332487056
15,INTERMEDIATE,5,8192,14,241,352.1631456920723,354.9936165038874
16,INTERMEDIATE,2,8192,14,241,373.8293699801109,374.0104234758865
17,INTERMEDIATE,1,4096,6,256,368.6700484724473,377.9450069760871
13,INTERMEDIATE,9,4096,12,198,343.2661556622661,346.48312955592274
13,COMPLETED,9,4096,12,198,342.9881137054299,347.77193604931756
15,INTERMEDIATE,6,8192,14,241,349.1331876930616,352.1521370010789
16,INTERMEDIATE,3,8192,14,241,358.7090706971802,364.67321981502334
17,INTERMEDIATE,2,4096,6,256,361.5931159801799,363.94059375193535
18,INTERMEDIATE,0,8192,13,241,399.00812701863316,502.170449229607
15,INTERMEDIATE,7,8192,14,241,347.13978371045266,350.1087083632137
16,INTERMEDIATE,4,8192,14,241,352.33827754171745,358.94084358657875
17,INTERMEDIATE,3,4096,6,256,351.10081314195133,357.23355231170774
18,INTERMEDIATE,1,8192,13,241,377.56396561931496,391.5332861691598
15,INTERMEDIATE,8,8192,14,241,345.35523874990764,348.3900982413473
16,INTERMEDIATE,5,8192,14,241,353.46335572948414,354.86274697406293
17,INTERMEDIATE,4,4096,6,256,348.72562849888,353.2688376359578
18,INTERMEDIATE,2,8192,13,241,363.82986498893575,372.9700343994235
15,INTERMEDIATE,9,8192,14,241,344.4073250051368,346.89257896877683
15,COMPLETED,9,8192,14,241,344.4073250051368,346.89257896877683
16,INTERMEDIATE,6,8192,14,241,347.62572120323813,352.2286440442905
18,INTERMEDIATE,3,8192,13,241,353.7275565036927,364.1724820472617
17,INTERMEDIATE,5,4096,6,256,346.2168600339416,350.42338581188466
16,INTERMEDIATE,7,8192,14,241,348.8946247687013,350.2023005002428
18,INTERMEDIATE,4,8192,13,241,352.97002039338963,358.87902525793373
17,INTERMEDIATE,6,4096,6,256,344.0100592123983,348.23293856143584
19,INTERMEDIATE,0,4096,14,198,387.9560176136928,464.44375005546505
16,INTERMEDIATE,8,8192,14,241,344.64469036706515,348.2086341427171
18,INTERMEDIATE,5,8192,13,241,348.8133293133819,354.6997312411539
17,INTERMEDIATE,7,4096,6,256,353.7076494744484,346.34439706470465
18,INTERMEDIATE,6,8192,13,241,348.05753510387234,351.9033398373774
16,INTERMEDIATE,9,8192,14,241,343.05856101394545,346.9673746319953
16,COMPLETED,9,8192,14,241,343.05856101394545,346.9673746319953
19,INTERMEDIATE,1,4096,14,198,366.328309674635,379.69275477351096
17,INTERMEDIATE,8,4096,6,256,339.74010481958413,344.65662750161533
18,INTERMEDIATE,7,8192,13,241,348.50827055225415,349.8504338983593
20,INTERMEDIATE,0,8192,12,240,398.9694726100768,491.585463356437
17,INTERMEDIATE,9,4096,6,256,342.4464525037905,343.21342482423006
17,COMPLETED,9,4096,6,256,339.74010481958413,344.65662750161533
20,INTERMEDIATE,1,8192,12,240,374.8494157903865,390.61524213420637
18,INTERMEDIATE,8,8192,13,241,342.2168784175359,348.08090709736433
19,INTERMEDIATE,2,4096,14,198,362.26078216516663,366.74716856824455
21,INTERMEDIATE,0,4096,6,256,385.5577181011227,447.02807579719087
20,INTERMEDIATE,2,8192,12,240,359.7301125853338,372.75683800858855
18,INTERMEDIATE,9,8192,13,241,343.48713440590717,346.4447067921602
18,COMPLETED,9,8192,13,241,342.2168784175359,348.08090709736433
21,INTERMEDIATE,1,4096,6,256,363.6260728678241,375.9186767643031
20,INTERMEDIATE,3,8192,12,240,358.5897524497751,363.8084914405864
19,INTERMEDIATE,3,4096,14,198,354.37114424288416,360.42756826897875
22,INTERMEDIATE,0,4096,6,255,391.31859856914406,448.82625297198257
20,INTERMEDIATE,4,8192,12,240,354.24976051276457,358.622332951309
21,INTERMEDIATE,2,4096,6,256,357.60955784394105,363.2149680241631
22,INTERMEDIATE,1,4096,6,255,365.55208818512324,376.9799046704498
20,INTERMEDIATE,5,8192,12,240,349.87372168863357,354.59264833431143
19,INTERMEDIATE,4,4096,14,198,355.24428445622146,356.52304477204854
21,INTERMEDIATE,3,4096,6,256,351.5822853106415,356.719300422757
22,INTERMEDIATE,2,4096,6,255,355.6075976441656,363.6429253539095
20,INTERMEDIATE,6,8192,12,240,347.3837008104257,351.90031221276183
21,INTERMEDIATE,4,4096,6,256,347.048508759086,352.77767233026185
19,INTERMEDIATE,5,4096,14,198,354.9337572318724,353.8263234479982
22,INTERMEDIATE,3,4096,6,255,350.47668469205814,356.87634452294674
20,INTERMEDIATE,7,8192,12,240,344.76556454200835,349.7089695587512
21,INTERMEDIATE,5,4096,6,256,344.6662502198636,349.9956203056507
20,INTERMEDIATE,8,8192,12,240,349.4407113077511,348.0676821349484
22,INTERMEDIATE,4,4096,6,255,348.5886652700726,352.9916961298188
19,INTERMEDIATE,6,4096,14,198,348.3193015556245,351.7394597849363
21,INTERMEDIATE,6,4096,6,256,346.99949148642537,347.78558590941344
20,INTERMEDIATE,9,8192,12,240,348.6012199708474,346.5691921709124
20,COMPLETED,9,8192,12,240,344.76556454200835,349.7089695587512
22,INTERMEDIATE,5,4096,6,255,349.30932805667817,350.2036212735276
21,INTERMEDIATE,7,4096,6,256,344.03987771343117,345.8041748377305
23,INTERMEDIATE,0,4096,6,256,382.870461385019,448.27326046028344
22,INTERMEDIATE,6,4096,6,255,346.0268755071834,347.7642630291649
19,INTERMEDIATE,7,4096,14,198,349.1932930732168,349.92325321796415
21,INTERMEDIATE,8,4096,6,256,339.66790520327595,344.27005031730255
23,INTERMEDIATE,1,4096,6,256,364.9223573427674,377.3086391310312
22,INTERMEDIATE,7,4096,6,255,340.5715612361899,345.79309702767756
21,INTERMEDIATE,9,4096,6,256,340.66877895382277,342.9070952519463
21,COMPLETED,9,4096,6,256,339.66790520327595,344.27005031730255
23,INTERMEDIATE,2,4096,6,256,358.77601770982676,364.0320286555338
19,INTERMEDIATE,8,4096,14,198,345.481472249854,348.596559555514
22,INTERMEDIATE,8,4096,6,255,341.36669556187115,344.1211191724643
24,INTERMEDIATE,0,4096,6,256,387.5319930317836,450.05663248815927
23,INTERMEDIATE,3,4096,6,256,350.5529683881899,357.122662159978
22,INTERMEDIATE,9,4096,6,255,339.6937101467845,342.8081547382352
22,COMPLETED,9,4096,6,255,339.6937101467845,342.8081547382352
19,INTERMEDIATE,9,4096,14,198,343.7490677574284,347.2808701322693
19,COMPLETED,9,4096,14,198,343.7490677574284,347.2808701322693
24,INTERMEDIATE,1,4096,6,256,368.7879166208542,377.2993515232968
23,INTERMEDIATE,4,4096,6,256,350.7284461758661,353.1150311250974
25,INTERMEDIATE,0,4096,6,256,386.7469202046135,447.9241849953872
26,INTERMEDIATE,0,4096,6,256,384.8515378171952,450.10676641088077
24,INTERMEDIATE,2,4096,6,256,356.5864612272727,363.938518338303
23,INTERMEDIATE,5,4096,6,256,345.7990888726345,350.21623464231794
25,INTERMEDIATE,1,4096,6,256,369.47603543599445,376.5615178260892
26,INTERMEDIATE,1,4096,6,256,365.2104016522707,377.8108669850408
24,INTERMEDIATE,3,4096,6,256,353.6092341177289,357.21652020176344
23,INTERMEDIATE,6,4096,6,256,345.3198921032268,347.7927072499947
25,INTERMEDIATE,2,4096,6,256,360.19331828809516,363.4690497620384
26,INTERMEDIATE,2,4096,6,256,355.2798148306267,364.0441297455896
24,INTERMEDIATE,4,4096,6,256,347.617540309897,353.05846889758425
23,INTERMEDIATE,7,4096,6,256,338.9139788607334,345.76558839306756
25,INTERMEDIATE,3,4096,6,256,348.68037485794537,356.65392764003724
26,INTERMEDIATE,3,4096,6,256,350.8368406588868,357.03390083696524
24,INTERMEDIATE,5,4096,6,256,350.09988059276105,350.16569552971055
23,INTERMEDIATE,8,4096,6,256,341.96940632633004,344.14653666260995
25,INTERMEDIATE,4,4096,6,256,349.3592884208012,352.8481958541221
26,INTERMEDIATE,4,4096,6,256,347.841593280188,352.86254457088745
24,INTERMEDIATE,6,4096,6,256,341.64423270259346,347.80052645890544
23,INTERMEDIATE,9,4096,6,256,339.01121737432817,342.7970271040466
23,COMPLETED,9,4096,6,256,338.9139788607334,345.76558839306756
25,INTERMEDIATE,5,4096,6,256,350.1244745141789,350.01071030099723
26,INTERMEDIATE,5,4096,6,256,347.2422024656977,350.02005713242295
24,INTERMEDIATE,7,4096,6,256,340.7967963523053,345.79171339302036
27,INTERMEDIATE,0,4096,6,256,384.18395762522454,447.5594955025398
25,INTERMEDIATE,6,4096,6,256,346.05535337660046,347.60761665173123
26,INTERMEDIATE,6,4096,6,256,345.37349585043904,347.6803489856174
24,INTERMEDIATE,8,4096,6,256,339.42391594420087,344.15090439066995
27,INTERMEDIATE,1,4096,6,256,365.58902865831453,377.64634753859326
25,INTERMEDIATE,7,4096,6,256,342.0603852779307,345.7534230904162
26,INTERMEDIATE,7,4096,6,256,344.44877358024,345.69490546324596
24,INTERMEDIATE,9,4096,6,256,342.07082044542824,342.81178448906445
24,COMPLETED,9,4096,6,256,339.42391594420087,344.15090439066995
27,INTERMEDIATE,2,4096,6,256,355.0116670486775,363.91103640362354
25,INTERMEDIATE,8,4096,6,256,340.94155017140343,344.13043038529753
26,INTERMEDIATE,8,4096,6,256,339.9984449111542,344.0581622024147
28,INTERMEDIATE,0,4096,6,256,387.0323772204965,448.0224503755385
27,INTERMEDIATE,3,4096,6,256,353.7463856329591,356.9809150784309
25,INTERMEDIATE,9,4096,6,256,340.9279653445485,342.79151459507307
25,COMPLETED,9,4096,6,256,340.9279653445485,342.79151459507307
26,INTERMEDIATE,9,4096,6,256,338.6715091092085,342.84442289725627
26,COMPLETED,9,4096,6,256,338.6715091092085,342.84442289725627
28,INTERMEDIATE,1,4096,6,256,366.50505152492656,377.38230709244095
27,INTERMEDIATE,4,4096,6,256,347.2052494932856,353.17702275251844
29,INTERMEDIATE,0,4096,6,256,383.0767858518776,448.4683841076915
30,INTERMEDIATE,0,4096,6,256,387.91161272035424,447.1289734187646
28,INTERMEDIATE,2,4096,6,256,354.9241079190662,363.81092782252904
27,INTERMEDIATE,5,4096,6,256,344.6931904731913,350.21262783572735
29,INTERMEDIATE,1,4096,6,256,376.4163619868862,376.840806130559
30,INTERMEDIATE,1,4096,6,256,369.31308622337684,378.02297952095853
28,INTERMEDIATE,3,4096,6,256,352.7210773170417,356.98048785298903
27,INTERMEDIATE,6,4096,6,256,343.9528225702597,347.96868876127525
29,INTERMEDIATE,2,4096,6,256,358.7361626501061,363.7899044210931
30,INTERMEDIATE,2,4096,6,256,360.08621358758734,364.352598941151
28,INTERMEDIATE,4,4096,6,256,350.2550045085573,353.0616586129055
27,INTERMEDIATE,7,4096,6,256,339.8687489151109,345.89723495282783
29,INTERMEDIATE,3,4096,6,256,351.3939543424205,357.10539774588625
30,INTERMEDIATE,3,4096,6,256,351.30428571678505,357.21376493709175
28,INTERMEDIATE,5,4096,6,256,346.2257012937649,350.1853020351613
27,INTERMEDIATE,8,4096,6,256,342.48407433782626,344.328839593402
29,INTERMEDIATE,4,4096,6,256,350.44245097203174,352.97710999019
30,INTERMEDIATE,4,4096,6,256,347.26150756637537,353.0674917452665
28,INTERMEDIATE,6,4096,6,256,342.95138951565355,347.7981464418439
27,INTERMEDIATE,9,4096,6,256,341.1563617760408,342.9468820841849
27,COMPLETED,9,4096,6,256,339.8687489151109,345.89723495282783
29,INTERMEDIATE,5,4096,6,256,350.91175137513073,350.13834158948293
30,INTERMEDIATE,5,4096,6,256,344.32824389139813,350.29030672561635
28,INTERMEDIATE,7,4096,6,256,344.32677984575855,345.8190304489903
31,INTERMEDIATE,0,4096,6,256,386.0927523755013,448.6635954518329
29,INTERMEDIATE,6,4096,6,256,341.4133541792561,347.78562294118456
30,INTERMEDIATE,6,4096,6,256,345.2663748720859,347.7148455614649
28,INTERMEDIATE,8,4096,6,256,340.5795914850618,344.2262479954695
31,INTERMEDIATE,1,4096,6,256,371.14946968673814,377.3170080487339
29,INTERMEDIATE,7,4096,6,256,342.6173239588456,345.8444473225298
30,INTERMEDIATE,7,4096,6,256,346.61766536072355,345.74958178172807
28,INTERMEDIATE,9,4096,6,256,343.31303540583764,342.7972914097573
28,COMPLETED,9,4096,6,256,340.5795914850618,344.2262479954695
31,INTERMEDIATE,2,4096,6,256,357.9814358839752,364.01580325522724
29,INTERMEDIATE,8,4096,6,256,340.47559288602065,344.20300297984204
30,INTERMEDIATE,8,4096,6,256,340.7125559597151,344.0817351698968
32,INTERMEDIATE,0,4096,6,256,383.58322387046,448.2213761314162
31,INTERMEDIATE,3,4096,6,256,351.189637294616,357.27099954261394
29,INTERMEDIATE,9,4096,6,256,342.16845783837863,342.87393735456357
29,COMPLETED,9,4096,6,256,340.47559288602065,344.20300297984204
30,INTERMEDIATE,9,4096,6,256,341.0463790983737,342.7195223183569
30,COMPLETED,9,4096,6,256,340.7125559597151,344.0817351698968
32,INTERMEDIATE,1,4096,6,256,368.45028602203297,376.6468644138463
31,INTERMEDIATE,4,4096,6,256,352.0845206736391,353.12420943128166
33,INTERMEDIATE,0,4096,6,256,386.70152330511286,450.601814506041
34,INTERMEDIATE,0,4096,6,256,388.2304195692635,450.3533194763939
32,INTERMEDIATE,2,4096,6,256,355.4169532333987,363.52523776863495
31,INTERMEDIATE,5,4096,6,256,345.36056248910603,350.3232017511189
33,INTERMEDIATE,1,4096,6,256,365.1518231159688,377.3010806609565
34,INTERMEDIATE,1,4096,6,256,362.5214290844351,377.41022286411413
32,INTERMEDIATE,3,4096,6,256,352.7453739310551,356.9286939646049
31,INTERMEDIATE,6,4096,6,256,345.0588118370543,347.77114801192965
34,INTERMEDIATE,2,4096,6,256,355.14875127914104,364.07286322255146
33,INTERMEDIATE,2,4096,6,256,355.1203307654559,364.3235642889721
32,INTERMEDIATE,4,4096,6,256,347.73994567997346,353.00629593509166
31,INTERMEDIATE,7,4096,6,256,343.6977922155502,345.6347712393611
34,INTERMEDIATE,3,4096,6,256,351.26501361585395,357.3681572355785
33,INTERMEDIATE,3,4096,6,256,349.06270248557377,357.3543757669518
32,INTERMEDIATE,5,4096,6,256,353.26296364894716,350.1922075960494
31,INTERMEDIATE,8,4096,6,256,340.23634969201777,344.068854961115
34,INTERMEDIATE,4,4096,6,256,363.6084307947903,353.2087786763745
33,INTERMEDIATE,4,4096,6,256,350.5693398739429,353.352758904713
32,INTERMEDIATE,6,4096,6,256,342.79407981439687,347.81088427951516
31,INTERMEDIATE,9,4096,6,256,338.9028501397893,342.64649740043575
31,COMPLETED,9,4096,6,256,338.9028501397893,342.64649740043575
34,INTERMEDIATE,5,4096,6,256,347.9945355047853,350.3040949120046
33,INTERMEDIATE,5,4096,6,256,345.8042602764517,350.4441179038016
32,INTERMEDIATE,7,4096,6,256,344.5705002498401,345.7490289869552
35,INTERMEDIATE,0,4096,6,256,387.1307907555402,449.65029989539056
34,INTERMEDIATE,6,4096,6,256,341.3073475434143,348.01752365419134
33,INTERMEDIATE,6,4096,6,256,342.9833622610034,347.95216736052265
32,INTERMEDIATE,8,4096,6,256,341.993760557603,344.14439807487656
35,INTERMEDIATE,1,4096,6,256,365.3545983001132,377.62834040913947
34,INTERMEDIATE,7,4096,6,256,343.2978554899247,345.8453911104962
33,INTERMEDIATE,7,4096,6,256,342.4233202066264,345.90778634055863
32,INTERMEDIATE,9,4096,6,256,339.41978026225496,342.7988203333407
32,COMPLETED,9,4096,6,256,339.41978026225496,342.7988203333407
35,INTERMEDIATE,2,4096,6,256,357.8109843792927,363.8452102118283
34,INTERMEDIATE,8,4096,6,256,343.48829490355,344.2360422941298
33,INTERMEDIATE,8,4096,6,256,340.6322018237824,344.3500921539991
36,INTERMEDIATE,0,4096,6,256,384.8510330506814,447.9825566432684
35,INTERMEDIATE,3,4096,6,256,351.5870524467306,357.24971746457976
34,INTERMEDIATE,9,4096,6,256,340.76736803257717,342.8648260106251
34,COMPLETED,9,4096,6,256,340.76736803257717,342.8648260106251
33,INTERMEDIATE,9,4096,6,256,341.3896412049061,342.95769604286846
33,COMPLETED,9,4096,6,256,340.6322018237824,344.3500921539991
36,INTERMEDIATE,1,4096,6,256,368.0280961832538,376.68592589305337
35,INTERMEDIATE,4,4096,6,256,346.39093495091646,353.2118000198683
37,INTERMEDIATE,0,4096,6,256,390.05730193839287,448.7793863979496
38,INTERMEDIATE,0,4096,6,256,389.3976062251603,447.2957902983557
36,INTERMEDIATE,2,4096,6,256,354.7093691859685,363.610314554331
35,INTERMEDIATE,5,4096,6,256,346.69928061032124,350.1370674304416
37,INTERMEDIATE,1,4096,6,256,368.38703159124856,376.88011119574054
38,INTERMEDIATE,1,4096,6,256,365.95189823213764,376.48420717692244
36,INTERMEDIATE,3,4096,6,256,352.8951589345368,357.02369838339916
35,INTERMEDIATE,6,4096,6,256,343.2834693602073,347.75677388745135
37,INTERMEDIATE,2,4096,6,256,356.2414803380944,363.6970630920127
38,INTERMEDIATE,2,4096,6,256,356.7216748447283,363.76642894228576
36,INTERMEDIATE,4,4096,6,256,352.167834333776,353.00404913445726
35,INTERMEDIATE,7,4096,6,256,347.1494897612443,345.74432523215546
37,INTERMEDIATE,3,4096,6,256,353.87624510185657,356.8343532677316
38,INTERMEDIATE,3,4096,6,256,349.81830373272544,357.05068855551167
36,INTERMEDIATE,5,4096,6,256,344.08618140164276,350.06711808785116
35,INTERMEDIATE,8,4096,6,256,345.3197907251669,344.1123599991352
37,INTERMEDIATE,4,4096,6,256,345.6952355837991,352.735092800344
38,INTERMEDIATE,4,4096,6,256,346.230941271951,352.88555178011654
36,INTERMEDIATE,6,4096,6,256,343.4107952298284,347.83837053633806
35,INTERMEDIATE,9,4096,6,256,340.9938931160785,342.6591139024113
35,COMPLETED,9,4096,6,256,340.9938931160785,342.6591139024113
37,INTERMEDIATE,5,4096,6,256,347.4965179659796,350.14255145752236
38,INTERMEDIATE,5,4096,6,256,348.8622031786763,350.02237478375713
36,INTERMEDIATE,7,4096,6,256,340.8647443938199,345.7709078836699
39,INTERMEDIATE,0,4096,6,256,386.85245497683263,448.24144490559894
37,INTERMEDIATE,6,4096,6,256,347.1558617215348,347.6102798208191
38,INTERMEDIATE,6,4096,6,256,344.62819050277096,347.689439975653
36,INTERMEDIATE,8,4096,6,256,341.51126425993357,344.1574786658999
39,INTERMEDIATE,1,4096,6,256,363.9450952786926,377.4980349795171
37,INTERMEDIATE,7,4096,6,256,341.61273958553375,345.67080236790446
38,INTERMEDIATE,7,4096,6,256,340.9807311479645,345.66915059513764
36,INTERMEDIATE,9,4096,6,256,339.05535779100785,342.84928883126975
36,COMPLETED,9,4096,6,256,339.05535779100785,342.84928883126975
39,INTERMEDIATE,2,4096,6,256,357.9985843189501,364.1432962233211
37,INTERMEDIATE,8,4096,6,256,339.76335693702066,344.13864001504965
38,INTERMEDIATE,8,4096,6,256,340.07221982157824,344.08225577428925
40,INTERMEDIATE,0,4096,6,256,387.3292085092964,447.53229126188984
39,INTERMEDIATE,3,4096,6,256,350.3638698451626,357.4069859238438
37,INTERMEDIATE,9,4096,6,256,344.0624925509694,342.83546160692777
37,COMPLETED,9,4096,6,256,339.76335693702066,344.13864001504965
38,INTERMEDIATE,9,4096,6,256,339.88037599514,342.7061314180851
38,COMPLETED,9,4096,6,256,339.88037599514,342.7061314180851
40,INTERMEDIATE,1,4096,6,256,363.64664833032776,377.30639904815837
39,INTERMEDIATE,4,4096,6,256,348.9640232248509,353.2349555361483
41,INTERMEDIATE,0,4096,6,256,383.52383908481465,447.39112174262027
42,INTERMEDIATE,0,4096,6,256,393.00816151323613,446.88787034308365
40,INTERMEDIATE,2,4096,6,256,357.3946487120139,363.9796560159139
39,INTERMEDIATE,5,4096,6,256,345.29837351769703,350.32872720882125
41,INTERMEDIATE,1,4096,6,256,364.2463192860849,377.18002604331883
42,INTERMEDIATE,1,4096,6,256,367.2473744196249,377.1392786478867
40,INTERMEDIATE,3,4096,6,256,353.24554502879477,357.03885987850464
39,INTERMEDIATE,6,4096,6,256,344.240838792589,348.11253605641235
41,INTERMEDIATE,2,4096,6,256,356.2862277515673,364.10752357665825
42,INTERMEDIATE,2,4096,6,256,355.42346162548023,363.68000196027646
40,INTERMEDIATE,4,4096,6,256,349.6698711025518,353.0700603966001
39,INTERMEDIATE,7,4096,6,256,342.82108622972567,346.0041960253793
41,INTERMEDIATE,3,4096,6,256,355.8821331682498,357.30226743009234
42,INTERMEDIATE,3,4096,6,256,359.5560076016906,357.05112281439386
40,INTERMEDIATE,5,4096,6,256,345.84387167351184,350.2087484980773
39,INTERMEDIATE,8,4096,6,256,341.78772253122173,344.406114511866
41,INTERMEDIATE,4,4096,6,256,350.723498351185,353.07909854732554
42,INTERMEDIATE,4,4096,6,256,347.8372502473511,352.98686967039885
40,INTERMEDIATE,6,4096,6,256,345.7258299203066,347.72095256725765
39,INTERMEDIATE,9,4096,6,256,340.6061282281898,342.96281500371595
39,COMPLETED,9,4096,6,256,340.6061282281898,342.96281500371595
41,INTERMEDIATE,5,4096,6,256,346.384215862193,350.2387429994847
42,INTERMEDIATE,5,4096,6,256,348.8096983799134,350.20388848230255
40,INTERMEDIATE,7,4096,6,256,345.8189077670411,345.7551065136643
43,INTERMEDIATE,0,4096,6,256,387.35935345552775,449.1157504182773
41,INTERMEDIATE,6,4096,6,256,345.2894366424416,347.7613288985604
42,INTERMEDIATE,6,4096,6,256,345.3539339115152,347.87192645445407
40,INTERMEDIATE,8,4096,6,256,342.4385084869168,344.21034841692364
43,INTERMEDIATE,1,4096,6,256,366.1660725343312,377.37048808641424
41,INTERMEDIATE,7,4096,6,256,341.25292734727793,345.6155516675343
42,INTERMEDIATE,7,4096,6,256,349.8875982857201,345.89141697009586
40,INTERMEDIATE,9,4096,6,256,338.47872761575326,342.9971239306811
40,COMPLETED,9,4096,6,256,338.47872761575326,342.9971239306811
43,INTERMEDIATE,2,4096,6,256,356.6730653884563,363.8538799359645
41,INTERMEDIATE,8,4096,6,256,347.2609774091283,344.075533330671
42,INTERMEDIATE,8,4096,6,256,341.35934221434536,344.2920323111526
44,INTERMEDIATE,0,4096,6,256,385.4378904653779,448.7383113574908
43,INTERMEDIATE,3,4096,6,256,353.28514613158313,356.9211167868771
41,INTERMEDIATE,9,4096,6,256,340.3695970359423,342.77656928974807
41,COMPLETED,9,4096,6,256,340.3695970359423,342.77656928974807
42,INTERMEDIATE,9,4096,6,256,341.7402457244007,342.95714287636173
42,COMPLETED,9,4096,6,256,341.35934221434536,344.2920323111526
44,INTERMEDIATE,1,4096,6,256,362.19490830441737,377.15068802682356
43,INTERMEDIATE,4,4096,6,256,349.3301059055554,352.96248440842066
45,INTERMEDIATE,0,4096,6,256,386.78135392119134,449.8359102631205
46,INTERMEDIATE,0,4096,6,256,402.47790130543086,449.59232020544067
44,INTERMEDIATE,2,4096,6,256,367.42128599901855,364.01790839871603
43,INTERMEDIATE,5,4096,6,256,345.90923504570134,350.2058464545938
45,INTERMEDIATE,1,4096,6,256,365.15898183277034,377.1442437610788
46,INTERMEDIATE,1,4096,6,256,368.22144160259415,377.641339549148
44,INTERMEDIATE,3,4096,6,256,357.61282422582025,357.1603063331126
43,INTERMEDIATE,6,4096,6,256,353.5203451648108,347.96649201784777
45,INTERMEDIATE,2,4096,6,256,357.9638874919702,364.1140809350482
46,INTERMEDIATE,2,4096,6,256,361.2831850570426,364.06839756917697
44,INTERMEDIATE,4,4096,6,256,348.8073172377638,353.12741131056026
43,INTERMEDIATE,7,4096,6,256,340.5228703410913,345.8255150360556
45,INTERMEDIATE,3,4096,6,256,351.0390453789533,357.5061529355739
46,INTERMEDIATE,3,4096,6,256,350.8479753588954,357.40974576143174
44,INTERMEDIATE,5,4096,6,256,346.5793693353098,350.1834054314067
43,INTERMEDIATE,8,4096,6,256,342.524200250071,344.26710360970316
45,INTERMEDIATE,4,4096,6,256,349.15172072336185,353.1936439667574
46,INTERMEDIATE,4,4096,6,256,348.5404224215388,353.2926292920979
44,INTERMEDIATE,6,4096,6,256,348.5138666004154,347.99422266901877
43,INTERMEDIATE,9,4096,6,256,340.06075088915816,342.791130626469
43,COMPLETED,9,4096,6,256,340.06075088915816,342.791130626469
45,INTERMEDIATE,5,4096,6,256,347.80767370003053,350.36249359319675
46,INTERMEDIATE,5,4096,6,256,344.07654394325635,350.3608102820589
44,INTERMEDIATE,7,4096,6,256,344.3860821419574,346.05819189981815
47,INTERMEDIATE,0,4096,6,256,384.4377371560315,447.97442851468566
45,INTERMEDIATE,6,4096,6,256,344.05116873937294,348.07558111027055
46,INTERMEDIATE,6,4096,6,256,351.4070699074026,348.04994082764335
44,INTERMEDIATE,8,4096,6,256,346.76013680947307,344.269919821023
47,INTERMEDIATE,1,4096,6,256,366.7365038535837,377.0376974490845
45,INTERMEDIATE,7,4096,6,256,340.7677942460874,345.98026319003714
46,INTERMEDIATE,7,4096,6,256,343.29672371072974,345.93849615818385
44,INTERMEDIATE,9,4096,6,256,341.00049407093235,343.0135488399497
44,COMPLETED,9,4096,6,256,341.00049407093235,343.0135488399497
47,INTERMEDIATE,2,4096,6,256,357.0261113457646,363.927718369793
45,INTERMEDIATE,8,4096,6,256,341.99920775591625,344.38424037983503
46,INTERMEDIATE,8,4096,6,256,340.6746123519068,344.45272913886333
48,INTERMEDIATE,0,4096,6,256,395.8595676827938,449.83632040060684
47,INTERMEDIATE,3,4096,6,256,349.99318855141354,357.15064585863485
45,INTERMEDIATE,9,4096,6,256,339.77735757940485,343.0597691930548
45,COMPLETED,9,4096,6,256,339.77735757940485,343.0597691930548
46,INTERMEDIATE,9,4096,6,256,338.8172968059567,343.0620307627336
46,COMPLETED,9,4096,6,256,338.8172968059567,343.0620307627336
48,INTERMEDIATE,1,4096,6,256,365.8106818999523,377.58687446989575
47,INTERMEDIATE,4,4096,6,256,348.6017854162987,353.13616677835205
50,INTERMEDIATE,0,4096,6,256,386.59308668907653,448.7071738335299
48,INTERMEDIATE,2,4096,6,256,355.77969891974266,364.0019809253808
47,INTERMEDIATE,5,4096,6,256,344.0753468993708,350.3722664522553
50,INTERMEDIATE,1,4096,6,256,378.9298547514787,377.22767532065404
49,INTERMEDIATE,0,4096,24,256,103458627.60992908,143184128750.0428
48,INTERMEDIATE,3,4096,6,256,351.38276065438635,357.03237021402714
47,INTERMEDIATE,6,4096,6,256,346.63492186526037,347.95187494170267
50,INTERMEDIATE,2,4096,6,256,359.13766684205257,364.1476854204855
48,INTERMEDIATE,4,4096,6,256,348.69402682978495,353.1192196036897
47,INTERMEDIATE,7,4096,6,256,340.1751034468342,345.91546189499195
50,INTERMEDIATE,3,4096,6,256,350.3921865143111,357.189268588651
49,INTERMEDIATE,1,4096,24,256,470134.1859208777,15876851.442518005
48,INTERMEDIATE,5,4096,6,256,346.2622115809303,350.22001587173685
47,INTERMEDIATE,8,4096,6,256,341.69523231019366,344.2761003622599
50,INTERMEDIATE,4,4096,6,256,349.3566746948459,353.1102660637167
48,INTERMEDIATE,6,4096,6,256,342.43675309940994,347.97750295121267
47,INTERMEDIATE,9,4096,6,256,340.45026071246355,342.88627349546687
47,COMPLETED,9,4096,6,256,340.1751034468342,345.91546189499195
50,INTERMEDIATE,5,4096,6,256,352.9105242555587,350.2352375346196
48,INTERMEDIATE,7,4096,6,256,345.29367088877,345.8217623327835
49,INTERMEDIATE,2,4096,24,256,9456638.405880615,229173136112.2241
50,INTERMEDIATE,6,4096,6,256,345.4463621504763,347.9537076160876
48,INTERMEDIATE,8,4096,6,256,341.9683409887003,344.25838576373627
50,INTERMEDIATE,7,4096,6,256,342.1178023561518,345.9085481854621
48,INTERMEDIATE,9,4096,6,256,338.85503779291827,342.9276355026493
48,COMPLETED,9,4096,6,256,338.85503779291827,342.9276355026493
49,INTERMEDIATE,3,4096,24,256,118618.75080341312,4533183.371062029
50,INTERMEDIATE,8,4096,6,256,339.68429663277124,344.28494978725496
50,INTERMEDIATE,9,4096,6,256,340.84342046155996,342.9999877681865
50,COMPLETED,9,4096,6,256,339.68429663277124,344.28494978725496
49,INTERMEDIATE,4,4096,24,256,209499144.47281325,1872064313333.8655
49,INTERMEDIATE,5,4096,24,256,904946032.7754138,5944791140730.266
49,INTERMEDIATE,6,4096,24,256,8459344346.931442,14227829543247.914
49,INTERMEDIATE,7,4096,24,256,25981076.8250591,1137971387.0984144
49,INTERMEDIATE,8,4096,24,256,11200300597.862885,12126008576204.25
49,INTERMEDIATE,9,4096,24,256,3191378684.293144,1533151486435.3372
49,COMPLETED,9,4096,24,256,118618.75080341312,4533183.371062029
